ROW_UNO,TRAN_UNO,TRUST_UNO,TRAN_TYPE,TRAN_DATE,PERIOD,GL_AUDIT_NUM,SIGN,AMOUNT_TYPE,AMOUNT,HOLD_DATE,REMARKS,HELD,DRUNO,BAL_ZERO_NO_FCA,TRX_TYPE_CODE,WITHHOLD_TAX,REF_NUMBER,MATURITY_DATE,AUTH_UNO,INT_CLEAR_DAYS,ADJ_TRAN_DATE,TC_AMOUNT,TC_CODE,BANKREC_DTX_UNO,SESSION,EI_ID,LAST_MODIFIED
1256,1256,45,CR,2012-12-31 00:00:00.000,201212,-324,1,P,100000.0000000000,NULL,NULL,N,1,NULL,BB,NULL,NULL,NULL,NULL,NULL,NULL,100000.0000000000,USD,NULL,NULL,NULL,2019-11-12 21:35:03.337
1257,1257,45,CR,2012-12-31 00:00:00.000,201212,-510,1,P,574194.3900000000,NULL,NULL,N,1,NULL,BB,NULL,NULL,NULL,NULL,NULL,NULL,574194.3900000000,USD,NULL,NULL,NULL,2019-11-12 21:35:03.337
1258,1258,45,CR,2013-01-01 00:00:00.000,201301,-808,1,I,1584.0200000000,NULL,Q4-2012 Interest Deposit,N,1,NULL,INT,NULL,NULL,NULL,NULL,NULL,NULL,1584.0200000000,USD,NULL,NULL,NULL,2019-11-12 21:35:03.337
1259,1259,45,CR,2013-01-01 00:00:00.000,201301,-809,1,I,780.8200000000,NULL,Q4-2012 Interest Deposit,N,1,NULL,INT,NULL,NULL,NULL,NULL,NULL,NULL,780.8200000000,USD,NULL,NULL,NULL,2019-11-12 21:35:03.337
1260,1260,45,CR,2013-01-01 00:00:00.000,201301,-810,1,I,6985.0400000000,NULL,Q4-2012 Interest Deposit,N,1,NULL,INT,NULL,NULL,NULL,NULL,NULL,NULL,6985.0400000000,USD,NULL,NULL,NULL,2019-11-12 21:35:03.337
1261,1261,45,CR,2013-01-31 00:00:00.000,201301,-1011,1,P,12500.0000000000,NULL,Draw deposit,N,1,NULL,DD,NULL,NULL,NULL,NULL,NULL,NULL,12500.0000000000,USD,NULL,NULL,NULL,2019-11-12 21:35:03.337
1262,1262,45,CR,2013-02-28 00:00:00.000,201302,-1125,1,P,12500.0000000000,NULL,Draw Deposit  - DDA 13513,N,1,NULL,DD,NULL,NULL,NULL,NULL,NULL,NULL,12500.0000000000,USD,NULL,NULL,NULL,2019-11-12 21:35:03.337
1263,1263,45,CR,2013-03-29 00:00:00.000,201303,-1218,1,P,12500.0000000000,NULL,Draw deposit  - DDA 13513,N,1,NULL,DD,NULL,NULL,NULL,NULL,NULL,NULL,12500.0000000000,USD,NULL,NULL,NULL,2019-11-12 21:35:03.337
1264,1264,45,TRA,2013-03-29 00:00:00.000,201303,-1269,1,I,-2274.2800000000,NULL,Barclays loan interest payment,N,1,NULL,LNI,NULL,NULL,NULL,NULL,NULL,NULL,-2274.2800000000,USD,NULL,NULL,NULL,2019-11-12 21:35:03.337
1265,1265,45,CR,2013-04-01 00:00:00.000,201304,-1414,1,I,1500.6500000000,NULL,Interest earned through 01/01/13-03/31/13,N,1,NULL,INT,NULL,NULL,NULL,NULL,NULL,NULL,1500.6500000000,USD,NULL,NULL,NULL,2019-11-12 21:35:03.337
1266,1266,45,CR,2013-04-01 00:00:00.000,201304,-1415,1,I,739.7200000000,NULL,Interest earned through 01/01/13-03/31/13,N,1,NULL,INT,NULL,NULL,NULL,NULL,NULL,NULL,739.7200000000,USD,NULL,NULL,NULL,2019-11-12 21:35:03.337
1267,1267,45,CR,2013-04-01 00:00:00.000,201304,-1416,1,I,5884.8900000000,NULL,Interest earned through 01/01/13-03/31/13,N,1,NULL,INT,NULL,NULL,NULL,NULL,NULL,NULL,5884.8900000000,USD,NULL,NULL,NULL,2019-11-12 21:35:03.337
1268,1268,45,CR,2013-04-30 00:00:00.000,201304,-1638,1,P,12500.0000000000,NULL,Draw deposit,N,1,NULL,DD,NULL,NULL,NULL,NULL,NULL,NULL,12500.0000000000,USD,NULL,NULL,NULL,2019-11-12 21:35:03.337
1269,1269,45,CR,2013-05-31 00:00:00.000,201305,-1742,1,P,12500.0000000000,NULL,Draw Deposit,N,1,NULL,DD,NULL,NULL,NULL,NULL,NULL,NULL,12500.0000000000,USD,NULL,NULL,NULL,2019-11-12 21:35:03.337
1270,1270,45,CR,2013-06-28 00:00:00.000,201306,-1876,1,P,12500.0000000000,NULL,Draw deposit,N,1,NULL,DD,NULL,NULL,NULL,NULL,NULL,NULL,12500.0000000000,USD,NULL,NULL,NULL,2019-11-12 21:35:03.337
1271,1271,45,TRA,2013-06-28 00:00:00.000,201306,-1893,1,I,-2429.3400000000,NULL,Q2-13 Barclays Interest Payment,N,1,NULL,LNI,NULL,NULL,NULL,NULL,NULL,NULL,-2429.3400000000,USD,NULL,NULL,NULL,2019-11-12 21:35:03.337
1272,1272,45,CR,2013-07-01 00:00:00.000,201307,-2077,1,I,1517.3300000000,NULL,Interest earned 04/01/13 - 06/30/13,N,1,NULL,INT,NULL,NULL,NULL,NULL,NULL,NULL,1517.3300000000,USD,NULL,NULL,NULL,2019-11-12 21:35:03.337
1273,1273,45,CR,2013-07-01 00:00:00.000,201307,-2078,1,I,747.9400000000,NULL,Interest earned 04/01/13 - 06/30/13,N,1,NULL,INT,NULL,NULL,NULL,NULL,NULL,NULL,747.9400000000,USD,NULL,NULL,NULL,2019-11-12 21:35:03.337
1274,1274,45,CR,2013-07-01 00:00:00.000,201307,-2079,1,I,6382.4800000000,NULL,Interest earned 04/01/13 - 06/30/13,N,1,NULL,INT,NULL,NULL,NULL,NULL,NULL,NULL,6382.4800000000,USD,NULL,NULL,NULL,2019-11-12 21:35:03.337
1275,1275,45,CR,2013-07-31 00:00:00.000,201307,-2663,1,P,12500.0000000000,NULL,Draw Deposit,N,1,NULL,DD,NULL,NULL,NULL,NULL,NULL,NULL,12500.0000000000,USD,NULL,NULL,NULL,2019-11-12 21:35:03.337
1276,1276,45,CR,2013-08-30 00:00:00.000,201308,-2782,1,P,12500.0000000000,NULL,Draw Deposit,N,1,NULL,DD,NULL,NULL,NULL,NULL,NULL,NULL,12500.0000000000,USD,NULL,NULL,NULL,2019-11-12 21:35:03.337
1277,1277,45,CR,2013-09-09 00:00:00.000,201309,-2835,1,P,73000.0000000000,NULL,BB&T check #7690,N,1,NULL,DEP,NULL,NULL,NULL,NULL,NULL,NULL,73000.0000000000,USD,NULL,NULL,NULL,2019-11-12 21:35:03.337
1278,1278,45,TRA,2013-09-16 00:00:00.000,201309,-2877,1,I,-2351.8100000000,NULL,3rd quarter 2013 Barclays interest payment,N,1,NULL,LNI,NULL,NULL,NULL,NULL,NULL,NULL,-2351.8100000000,USD,NULL,NULL,NULL,2019-11-12 21:35:03.337
1279,1279,45,CR,2013-09-30 00:00:00.000,201309,-2976,1,P,12500.0000000000,NULL,Draw Deposit,N,1,NULL,DD,NULL,NULL,NULL,NULL,NULL,NULL,12500.0000000000,USD,NULL,NULL,NULL,2019-11-12 21:35:03.337
1280,1280,45,CR,2013-09-30 00:00:00.000,201309,-2977,1,P,12500.0000000000,NULL,Draw Deposit,N,1,NULL,DD,NULL,NULL,NULL,NULL,NULL,NULL,12500.0000000000,USD,NULL,NULL,NULL,2019-11-12 21:35:03.337
1281,1281,45,CR,2013-09-30 00:00:00.000,201309,-2978,1,P,12500.0000000000,NULL,Draw Deposit,N,1,NULL,DD,NULL,NULL,NULL,NULL,NULL,NULL,12500.0000000000,USD,NULL,NULL,NULL,2019-11-12 21:35:03.337
1282,1282,45,CR,2013-10-01 00:00:00.000,201310,-3274,1,I,1890.5100000000,NULL,Interest earned 07/01/13 - 09/30/13,N,1,NULL,INT,NULL,NULL,NULL,NULL,NULL,NULL,1890.5100000000,USD,NULL,NULL,NULL,2019-11-12 21:35:03.337
1283,1283,45,CR,2013-10-01 00:00:00.000,201310,-3275,1,I,756.1600000000,NULL,Interest earned 07/01/13 - 09/30/13,N,1,NULL,INT,NULL,NULL,NULL,NULL,NULL,NULL,756.1600000000,USD,NULL,NULL,NULL,2019-11-12 21:35:03.337
1284,1284,45,CR,2013-10-01 00:00:00.000,201310,-3276,1,I,7066.2600000000,NULL,Interest earned 07/01/13 - 09/30/13,N,1,NULL,INT,NULL,NULL,NULL,NULL,NULL,NULL,7066.2600000000,USD,NULL,NULL,NULL,2019-11-12 21:35:03.337
1285,1285,45,CR,2013-12-09 00:00:00.000,201312,-3603,1,P,12500.0000000000,NULL,Drew deposit,N,1,NULL,DD,NULL,NULL,NULL,NULL,NULL,NULL,12500.0000000000,USD,NULL,NULL,NULL,2019-11-12 21:35:03.337
1286,1286,45,TRA,2013-12-16 00:00:00.000,201312,-3760,1,I,-2351.8100000000,NULL,Q4-13 Barclays Interest Payment,N,1,NULL,LNI,NULL,NULL,NULL,NULL,NULL,NULL,-2351.8100000000,USD,NULL,NULL,NULL,2019-11-12 21:35:03.337
1287,1287,45,TRA,2013-12-16 00:00:00.000,201312,-3782,1,P,-18607.7300000000,NULL,Barclays Capital Loan Payment,N,1,NULL,LNP,NULL,NULL,NULL,NULL,NULL,NULL,-18607.7300000000,USD,NULL,NULL,NULL,2019-11-12 21:35:03.337
1288,1288,45,TRA,2013-12-27 00:00:00.000,201312,-3810,1,P,-50000.0000000000,NULL,Voluntary Capital Withdrawal,N,1,NULL,DIS,NULL,NULL,NULL,NULL,NULL,NULL,-50000.0000000000,USD,NULL,NULL,NULL,2019-11-12 21:35:03.337
1289,1289,45,CR,2013-12-31 00:00:00.000,201312,-3700,1,P,12500.0000000000,NULL,Draw deposit,N,1,NULL,DD,NULL,NULL,NULL,NULL,NULL,NULL,12500.0000000000,USD,NULL,NULL,NULL,2019-11-12 21:35:03.337
1290,1290,45,CR,2013-12-31 00:00:00.000,201312,-3701,1,P,12500.0000000000,NULL,Draw deposit,N,1,NULL,DD,NULL,NULL,NULL,NULL,NULL,NULL,12500.0000000000,USD,NULL,NULL,NULL,2019-11-12 21:35:03.337
1291,1291,45,CR,2014-01-01 00:00:00.000,201401,-4008,1,I,756.1600000000,NULL,"Interest at 3.00% on Voluntary Capital up to $ 100,000.00",N,1,NULL,INT,NULL,NULL,NULL,NULL,NULL,NULL,756.1600000000,USD,NULL,NULL,NULL,2019-11-12 21:35:03.337
1292,1292,45,CR,2014-01-01 00:00:00.000,201401,-4009,1,I,8171.7100000000,NULL,"Interest at 4.00% on Voluntary Capital in excess of $ 100,000.00",N,1,NULL,INT,NULL,NULL,NULL,NULL,NULL,NULL,8171.7100000000,USD,NULL,NULL,NULL,2019-11-12 21:35:03.337
1293,1293,45,CR,2014-01-01 00:00:00.000,201401,-4307,1,P,1938.9300000000,NULL,Transfer Q4-2013 Interest to Voluntary Capital,N,1,NULL,TRF,NULL,NULL,NULL,NULL,NULL,NULL,1938.9300000000,USD,NULL,NULL,NULL,2019-11-12 21:35:03.337
1294,1294,45,TRA,2014-03-17 00:00:00.000,201403,-4661,1,P,-18607.7300000000,NULL,Barclays Capital Loan Payment,N,1,NULL,LNP,NULL,NULL,NULL,NULL,NULL,NULL,-18607.7300000000,USD,NULL,NULL,NULL,2019-11-12 21:35:03.337
1295,1295,45,TRA,2014-03-17 00:00:00.000,201403,-4683,1,I,-2234.2200000000,NULL,Q1-14 Barclays Interest Payment,N,1,NULL,LNI,NULL,NULL,NULL,NULL,NULL,NULL,-2234.2200000000,USD,NULL,NULL,NULL,2019-11-12 21:35:03.337
1296,1296,45,CR,2014-03-31 00:00:00.000,201403,-4703,1,P,12500.0000000000,NULL,Draw deposit,N,1,NULL,DD,NULL,NULL,NULL,NULL,NULL,NULL,12500.0000000000,USD,NULL,NULL,NULL,2019-11-12 21:35:03.337
1297,1297,45,CR,2014-04-01 00:00:00.000,201404,-4925,1,I,739.7300000000,NULL,"Interest at 3.00% on Voluntary Capital up to $ 100,000.00",N,1,NULL,INT,NULL,NULL,NULL,NULL,NULL,NULL,739.7300000000,USD,NULL,NULL,NULL,2019-11-12 21:35:03.337
1298,1298,45,CR,2014-04-01 00:00:00.000,201404,-4926,1,I,7767.5900000000,NULL,"Interest at 4.00% on Voluntary Capital in excess of $ 100,000.00",N,1,NULL,INT,NULL,NULL,NULL,NULL,NULL,NULL,7767.5900000000,USD,NULL,NULL,NULL,2019-11-12 21:35:03.337
1299,1299,45,CR,2014-04-01 00:00:00.000,201404,-5276,1,P,1896.7800000000,NULL,Transfer Q1-2014 Interest to Voluntary Capital,N,1,NULL,TRF,NULL,NULL,NULL,NULL,NULL,NULL,1896.7800000000,USD,NULL,NULL,NULL,2019-11-12 21:35:03.337
1300,1300,45,TRA,2014-04-09 00:00:00.000,201404,-5456,1,P,-200000.0000000000,NULL,Voluntary Capital Withdrawal -,N,1,NULL,DIS,NULL,NULL,NULL,NULL,NULL,NULL,-200000.0000000000,USD,NULL,NULL,NULL,2019-11-12 21:35:03.337
1301,1301,45,CR,2014-04-30 00:00:00.000,201404,-5529,1,P,12500.0000000000,NULL,Draw deposit,N,1,NULL,DD,NULL,NULL,NULL,NULL,NULL,NULL,12500.0000000000,USD,NULL,NULL,NULL,2019-11-12 21:35:03.337
1302,1302,45,TRA,2014-05-15 00:00:00.000,201405,-5590,1,P,-739.5000000000,NULL,Voluntary Capital Withdrawal,N,1,NULL,DIS,NULL,NULL,NULL,NULL,NULL,NULL,-739.5000000000,USD,NULL,NULL,NULL,2019-11-12 21:35:03.337
1303,1303,45,CR,2014-05-30 00:00:00.000,201405,-5639,1,P,12500.0000000000,NULL,Draw deposit,N,1,NULL,DD,NULL,NULL,NULL,NULL,NULL,NULL,12500.0000000000,USD,NULL,NULL,NULL,2019-11-12 21:35:03.337
1304,1304,45,TRA,2014-06-16 00:00:00.000,201406,-5714,1,I,-2116.6300000000,NULL,Q2-14 Barclays Interest Payment,N,1,NULL,LNI,NULL,NULL,NULL,NULL,NULL,NULL,-2116.6300000000,USD,NULL,NULL,NULL,2019-11-12 21:35:03.337
1305,1305,45,TRA,2014-06-16 00:00:00.000,201406,-5738,1,P,-18607.7300000000,NULL,Barclays Q2-14 principal loan payment,N,1,NULL,LNP,NULL,NULL,NULL,NULL,NULL,NULL,-18607.7300000000,USD,NULL,NULL,NULL,2019-11-12 21:35:03.337
1306,1306,45,CR,2014-06-30 00:00:00.000,201406,-5818,1,P,12500.0000000000,NULL,Draw Deposit,N,1,NULL,DD,NULL,NULL,NULL,NULL,NULL,NULL,12500.0000000000,USD,NULL,NULL,NULL,2019-11-12 21:35:03.337
1307,1307,45,CR,2014-07-01 00:00:00.000,201407,-5948,1,I,747.9500000000,NULL,"Interest at 3.00% on Voluntary Capital up to $ 100,000.00",N,1,NULL,INT,NULL,NULL,NULL,NULL,NULL,NULL,747.9500000000,USD,NULL,NULL,NULL,2019-11-12 21:35:03.337
1308,1308,45,CR,2014-07-01 00:00:00.000,201407,-5949,1,I,6180.8000000000,NULL,"Interest at 4.00% on Voluntary Capital in excess of $ 100,000.00",N,1,NULL,INT,NULL,NULL,NULL,NULL,NULL,NULL,6180.8000000000,USD,NULL,NULL,NULL,2019-11-12 21:35:03.337
1309,1309,45,CR,2014-07-01 00:00:00.000,201407,-6247,1,P,1917.8600000000,NULL,Transfer Q2-2014 Interest to Voluntary Capital,N,1,NULL,TRF,NULL,NULL,NULL,NULL,NULL,NULL,1917.8600000000,USD,NULL,NULL,NULL,2019-11-12 21:35:03.337
1310,1310,45,CR,2014-07-31 00:00:00.000,201407,-6804,1,P,12500.0000000000,NULL,Draw deposit,N,1,NULL,DD,NULL,NULL,NULL,NULL,NULL,NULL,12500.0000000000,USD,NULL,NULL,NULL,2019-11-12 21:35:03.337
1311,1311,45,CR,2014-08-29 00:00:00.000,201408,-6908,1,P,12500.0000000000,NULL,Draw deposit,N,1,NULL,DD,NULL,NULL,NULL,NULL,NULL,NULL,12500.0000000000,USD,NULL,NULL,NULL,2019-11-12 21:35:03.337
1312,1312,45,TRA,2014-09-15 00:00:00.000,201409,-7018,1,P,-18607.7300000000,NULL,Barclays Q3-14 principal loan payment,N,1,NULL,LNP,NULL,NULL,NULL,NULL,NULL,NULL,-18607.7300000000,USD,NULL,NULL,NULL,2019-11-12 21:35:03.337
1313,1313,45,TRA,2014-09-15 00:00:00.000,201409,-7050,1,I,-1999.0300000000,NULL,Barclays Q3-14 interest payment,N,1,NULL,LNI,NULL,NULL,NULL,NULL,NULL,NULL,-1999.0300000000,USD,NULL,NULL,NULL,2019-11-12 21:35:03.337
1314,1314,45,CR,2014-09-30 00:00:00.000,201409,-7128,1,P,12500.0000000000,NULL,September 2014 Draw deposit,N,1,NULL,DD,NULL,NULL,NULL,NULL,NULL,NULL,12500.0000000000,USD,NULL,NULL,NULL,2019-11-12 21:35:03.337
1315,1315,45,CR,2014-09-30 00:00:00.000,201409,-7167,1,P,12500.0000000000,NULL,October 2014 Draw deposit,N,1,NULL,DD,NULL,NULL,NULL,NULL,NULL,NULL,12500.0000000000,USD,NULL,NULL,NULL,2019-11-12 21:35:03.337
1316,1316,45,CR,2014-09-30 00:00:00.000,201409,-7208,1,P,12500.0000000000,NULL,November 2014 Draw deposit,N,1,NULL,DD,NULL,NULL,NULL,NULL,NULL,NULL,12500.0000000000,USD,NULL,NULL,NULL,2019-11-12 21:35:03.337
1317,1317,45,CR,2014-09-30 00:00:00.000,201409,-7335,1,I,747.9500000000,NULL,"Interest at 3.00% (balance up to $100,000.00)",N,1,NULL,INT,NULL,NULL,NULL,NULL,NULL,NULL,747.9500000000,USD,NULL,NULL,NULL,2019-11-12 21:35:03.337
1318,1318,45,CR,2014-09-30 00:00:00.000,201409,-7336,1,I,6254.8700000000,NULL,"Interest at 4.00% (balance in excess of $100,000.00)",N,1,NULL,INT,NULL,NULL,NULL,NULL,NULL,NULL,6254.8700000000,USD,NULL,NULL,NULL,2019-11-12 21:35:03.337
1319,1319,45,CR,2014-09-30 00:00:00.000,201409,-7728,1,P,2133.2700000000,NULL,Transfer Q3-2014 Interest to Voluntary Capital,N,1,NULL,TRF,NULL,NULL,NULL,NULL,NULL,NULL,2133.2700000000,USD,NULL,NULL,NULL,2019-11-12 21:35:03.337
1320,1320,45,CR,2014-12-12 00:00:00.000,201412,-8058,1,P,12500.0000000000,NULL,December 2014 Draw deposit,N,1,NULL,DD,NULL,NULL,NULL,NULL,NULL,NULL,12500.0000000000,USD,NULL,NULL,NULL,2019-11-12 21:35:03.337
1321,1321,45,TRA,2014-12-15 00:00:00.000,201412,-8128,1,P,-18607.7300000000,NULL,Barclays Q4-14 principal loan payment,N,1,NULL,LNP,NULL,NULL,NULL,NULL,NULL,NULL,-18607.7300000000,USD,NULL,NULL,NULL,2019-11-12 21:35:03.337
1322,1322,45,TRA,2014-12-15 00:00:00.000,201412,-8157,1,I,-1881.4500000000,NULL,Barclays Q4-14 interest payment,N,1,NULL,LNI,NULL,NULL,NULL,NULL,NULL,NULL,-1881.4500000000,USD,NULL,NULL,NULL,2019-11-12 21:35:03.337
1323,1323,45,CR,2014-12-19 00:00:00.000,201412,-8197,1,P,12500.0000000000,NULL,January 2015 Draw deposit,N,1,NULL,DD,NULL,NULL,NULL,NULL,NULL,NULL,12500.0000000000,USD,NULL,NULL,NULL,2019-11-12 21:35:03.337
1324,1324,45,CR,2014-12-19 00:00:00.000,201412,-8236,1,P,12500.0000000000,NULL,February 2015 Draw deposit,N,1,NULL,DD,NULL,NULL,NULL,NULL,NULL,NULL,12500.0000000000,USD,NULL,NULL,NULL,2019-11-12 21:35:03.337
1325,1325,45,CR,2014-12-31 00:00:00.000,201412,-8285,1,P,12500.0000000000,NULL,March 2015 Draw deposit,N,1,NULL,DD,NULL,NULL,NULL,NULL,NULL,NULL,12500.0000000000,USD,NULL,NULL,NULL,2019-11-12 21:35:03.337
1326,1326,45,CR,2015-01-01 00:00:00.000,201501,-8546,1,I,764.3800000000,NULL,"Interest at 3.00% (balance up to $100,000.00)",N,1,NULL,INT,NULL,NULL,NULL,NULL,NULL,NULL,764.3800000000,USD,NULL,NULL,NULL,2019-11-12 21:35:03.337
1327,1327,45,CR,2015-01-01 00:00:00.000,201501,-8547,1,I,6843.0500000000,NULL,"Interest at 4.00% (balance in excess of $100,000.00)",N,1,NULL,INT,NULL,NULL,NULL,NULL,NULL,NULL,6843.0500000000,USD,NULL,NULL,NULL,2019-11-12 21:35:03.337
1328,1328,45,CR,2015-01-01 00:00:00.000,201501,-8959,1,P,2230.7300000000,NULL,Transfer Q4-2014 Interest to Voluntary Capital,N,1,NULL,TRF,NULL,NULL,NULL,NULL,NULL,NULL,2230.7300000000,USD,NULL,NULL,NULL,2019-11-12 21:35:03.337
1329,1329,45,TRA,2015-03-16 00:00:00.000,201503,-9337,1,P,-18607.7300000000,NULL,Barclays Q1-15 principal loan payment,N,1,NULL,LNP,NULL,NULL,NULL,NULL,NULL,NULL,-18607.7300000000,USD,NULL,NULL,NULL,2019-11-12 21:35:03.337
1330,1330,45,TRA,2015-03-16 00:00:00.000,201503,-9366,1,I,-1763.8500000000,NULL,Barclays Q1-15 interest payment,N,1,NULL,LNI,NULL,NULL,NULL,NULL,NULL,NULL,-1763.8500000000,USD,NULL,NULL,NULL,2019-11-12 21:35:03.337
1331,1331,45,CR,2015-04-01 00:00:00.000,201504,-9597,1,I,739.7300000000,NULL,"Interest at 3.00% (balance up to $100,000.00)",N,1,NULL,INT,NULL,NULL,NULL,NULL,NULL,NULL,739.7300000000,USD,NULL,NULL,NULL,2019-11-12 21:35:03.337
1332,1332,45,CR,2015-04-01 00:00:00.000,201504,-9598,1,I,6949.3200000000,NULL,"Interest at 4.00% (balance in excess of $100,000.00)",N,1,NULL,INT,NULL,NULL,NULL,NULL,NULL,NULL,6949.3200000000,USD,NULL,NULL,NULL,2019-11-12 21:35:03.337
1333,1333,45,CR,2015-04-01 00:00:00.000,201504,-10061,1,P,2158.7700000000,NULL,Transfer Q1-2015 Interest to Voluntary Capital,N,1,NULL,TRF,NULL,NULL,NULL,NULL,NULL,NULL,2158.7700000000,USD,NULL,NULL,NULL,2019-11-12 21:35:03.337
1334,1334,45,TRA,2015-04-14 00:00:00.000,201504,-9935,1,P,-125000.0000000000,NULL,Wire transfer to BB&T xxxx9881.,N,1,NULL,DIS,NULL,NULL,NULL,NULL,NULL,NULL,-125000.0000000000,USD,NULL,NULL,NULL,2019-11-12 21:35:03.337
1335,1335,45,CR,2015-04-30 00:00:00.000,201504,-10255,1,P,12500.0000000000,NULL,April 2015 Draw deposit,N,1,NULL,DD,NULL,NULL,NULL,NULL,NULL,NULL,12500.0000000000,USD,NULL,NULL,NULL,2019-11-12 21:35:03.337
1336,1336,45,CR,2015-05-29 00:00:00.000,201505,-10374,1,P,12500.0000000000,NULL,May 2015 Draw deposit,N,1,NULL,DD,NULL,NULL,NULL,NULL,NULL,NULL,12500.0000000000,USD,NULL,NULL,NULL,2019-11-12 21:35:03.337
1337,1337,45,TRA,2015-06-15 00:00:00.000,201506,-10482,1,P,-18607.7300000000,NULL,Barclays Q2-15 principal loan payment,N,1,NULL,LNP,NULL,NULL,NULL,NULL,NULL,NULL,-18607.7300000000,USD,NULL,NULL,NULL,2019-11-12 21:35:03.337
1338,1338,45,TRA,2015-06-15 00:00:00.000,201506,-10547,1,I,-1646.2700000000,NULL,Barclays Q2-15 interest payment,N,1,NULL,LNI,NULL,NULL,NULL,NULL,NULL,NULL,-1646.2700000000,USD,NULL,NULL,NULL,2019-11-12 21:35:03.337
1339,1339,45,CR,2015-06-30 00:00:00.000,201506,-10524,1,P,12500.0000000000,NULL,June 2015 Draw deposit,N,1,NULL,DD,NULL,NULL,NULL,NULL,NULL,NULL,12500.0000000000,USD,NULL,NULL,NULL,2019-11-12 21:35:03.337
1340,1340,45,CR,2015-07-01 00:00:00.000,201507,-10722,1,I,747.9500000000,NULL,"Interest at 3.00% (balance up to $100,000.00)",N,1,NULL,INT,NULL,NULL,NULL,NULL,NULL,NULL,747.9500000000,USD,NULL,NULL,NULL,2019-11-12 21:35:03.337
1341,1341,45,CR,2015-07-01 00:00:00.000,201507,-10723,1,I,5985.2000000000,NULL,"Interest at 4.00% (balance in excess of $100,000.00)",N,1,NULL,INT,NULL,NULL,NULL,NULL,NULL,NULL,5985.2000000000,USD,NULL,NULL,NULL,2019-11-12 21:35:03.337
1342,1342,45,CR,2015-07-01 00:00:00.000,201507,-11136,1,P,2182.7500000000,NULL,Transfer Q-2015 Interest to Voluntary Capital,N,1,NULL,TRF,NULL,NULL,NULL,NULL,NULL,NULL,2182.7500000000,USD,NULL,NULL,NULL,2019-11-12 21:35:03.337
1343,1343,45,CR,2015-07-31 00:00:00.000,201507,-11651,1,P,12500.0000000000,NULL,July 2015 Draw deposit,N,1,NULL,DD,NULL,NULL,NULL,NULL,NULL,NULL,12500.0000000000,USD,NULL,NULL,NULL,2019-11-12 21:35:03.337
1344,1344,45,CR,2015-08-31 00:00:00.000,201508,-11775,1,P,12500.0000000000,NULL,August 2015 Draw deposit,N,1,NULL,DD,NULL,NULL,NULL,NULL,NULL,NULL,12500.0000000000,USD,NULL,NULL,NULL,2019-11-12 21:35:03.337
1345,1345,45,TRA,2015-09-15 00:00:00.000,201509,-11855,1,P,-18607.7300000000,NULL,Barclays Q3-15 principal loan payment,N,1,NULL,LNP,NULL,NULL,NULL,NULL,NULL,NULL,-18607.7300000000,USD,NULL,NULL,NULL,2019-11-12 21:35:03.337
1346,1346,45,TRA,2015-09-15 00:00:00.000,201509,-11882,1,P,-1545.4600000000,NULL,Barclays Q3-15 interest payment,N,1,NULL,LNP,NULL,NULL,NULL,NULL,NULL,NULL,-1545.4600000000,USD,NULL,NULL,NULL,2019-11-12 21:35:03.337
1347,1347,45,CR,2015-09-28 00:00:00.000,201509,-11947,1,P,12500.0000000000,NULL,September 2015 Draw deposit,N,1,NULL,DD,NULL,NULL,NULL,NULL,NULL,NULL,12500.0000000000,USD,NULL,NULL,NULL,2019-11-12 21:35:03.337
1348,1348,45,CR,2015-09-29 00:00:00.000,201509,-11990,1,P,12500.0000000000,NULL,October 2015 Draw deposit,N,1,NULL,DD,NULL,NULL,NULL,NULL,NULL,NULL,12500.0000000000,USD,NULL,NULL,NULL,2019-11-12 21:35:03.337
1349,1349,45,CR,2015-09-29 00:00:00.000,201509,-12033,1,P,12500.0000000000,NULL,November 2015 Draw deposit,N,1,NULL,DD,NULL,NULL,NULL,NULL,NULL,NULL,12500.0000000000,USD,NULL,NULL,NULL,2019-11-12 21:35:03.337
1350,1350,45,CR,2015-10-01 00:00:00.000,201510,-12525,1,I,756.1600000000,NULL,"Interest at 3.00% (balance up to $100,000.00)",N,1,NULL,INT,NULL,NULL,NULL,NULL,NULL,NULL,756.1600000000,USD,NULL,NULL,NULL,2019-11-12 21:35:03.337
1351,1351,45,CR,2015-10-01 00:00:00.000,201510,-12526,1,I,6139.3000000000,NULL,"Interest at 4.00% (balance in excess of $100,000.00)",N,1,NULL,INT,NULL,NULL,NULL,NULL,NULL,NULL,6139.3000000000,USD,NULL,NULL,NULL,2019-11-12 21:35:03.337
1352,1352,45,CR,2015-10-01 00:00:00.000,201510,-12855,1,P,2282.0000000000,NULL,Transfer Q3-2015 Interest to Voluntary Capital,N,1,NULL,TRF,NULL,NULL,NULL,NULL,NULL,NULL,2282.0000000000,USD,NULL,NULL,NULL,2019-11-12 21:35:03.337
1353,1353,45,CR,2015-12-11 00:00:00.000,201512,-13300,1,P,12500.0000000000,NULL,December 2015 Draw deposit,N,1,NULL,DD,NULL,NULL,NULL,NULL,NULL,NULL,12500.0000000000,USD,NULL,NULL,NULL,2019-11-12 21:35:03.337
1354,1354,45,TRA,2015-12-15 00:00:00.000,201512,-13348,1,P,-18607.7300000000,NULL,Barclays Q4-15 principal loan payment,N,1,NULL,LNP,NULL,NULL,NULL,NULL,NULL,NULL,-18607.7300000000,USD,NULL,NULL,NULL,2019-11-12 21:35:03.337
1355,1355,45,TRA,2015-12-15 00:00:00.000,201512,-13364,1,I,-1411.0900000000,NULL,Barclays Q4-15 Interest Payment,N,1,NULL,LNI,NULL,NULL,NULL,NULL,NULL,NULL,-1411.0900000000,USD,NULL,NULL,NULL,2019-11-12 21:35:03.337
1356,1356,45,CR,2015-12-18 00:00:00.000,201512,-13393,1,P,12500.0000000000,NULL,January 2016 Draw deposit,N,1,NULL,DD,NULL,NULL,NULL,NULL,NULL,NULL,12500.0000000000,USD,NULL,NULL,NULL,2019-11-12 21:35:03.337
1357,1357,45,CR,2015-12-18 00:00:00.000,201512,-13433,1,P,12500.0000000000,NULL,February 2016 Draw deposit,N,1,NULL,DD,NULL,NULL,NULL,NULL,NULL,NULL,12500.0000000000,USD,NULL,NULL,NULL,2019-11-12 21:35:03.337
1358,1358,45,CR,2015-12-31 00:00:00.000,201512,-13530,1,P,12500.0000000000,NULL,March 2016 Draw deposit,N,1,NULL,DD,NULL,NULL,NULL,NULL,NULL,NULL,12500.0000000000,USD,NULL,NULL,NULL,2019-11-12 21:35:03.337
1359,1359,45,CR,2016-01-01 00:00:00.000,201601,-13732,1,I,756.1600000000,NULL,"Interest at 3.00% (balance up to $100,000.00)",N,1,NULL,INT,NULL,NULL,NULL,NULL,NULL,NULL,756.1600000000,USD,NULL,NULL,NULL,2019-11-12 21:35:03.337
1360,1360,45,CR,2016-01-01 00:00:00.000,201601,-13733,1,I,6588.3300000000,NULL,"Interest at 4.00% (balance in excess of $100,000.00)",N,1,NULL,INT,NULL,NULL,NULL,NULL,NULL,NULL,6588.3300000000,USD,NULL,NULL,NULL,2019-11-12 21:35:03.337
1361,1361,45,CR,2016-01-01 00:00:00.000,201601,-14244,1,P,2452.8400000000,NULL,Transfer Q4-15 interest to voluntary capital,N,1,NULL,TRF,NULL,NULL,NULL,NULL,NULL,NULL,2452.8400000000,USD,NULL,NULL,NULL,2019-11-12 21:35:03.337
1362,1362,45,CR,2016-01-01 00:00:00.000,201601,-14298,1,P,90.0000000000,NULL,Transfer Q4-15 interest to voluntary capital,N,1,NULL,TRF,NULL,NULL,NULL,NULL,NULL,NULL,90.0000000000,USD,NULL,NULL,NULL,2019-11-12 21:35:03.337
1363,1363,45,TRA,2016-03-15 00:00:00.000,201603,-14552,1,P,-18607.7300000000,NULL,Barclays Q1-2016 principal loan payment,N,1,NULL,LNP,NULL,NULL,NULL,NULL,NULL,NULL,-18607.7300000000,USD,NULL,NULL,NULL,2019-11-12 21:35:03.337
1364,1364,45,TRA,2016-03-15 00:00:00.000,201603,-14578,1,I,-1420.0000000000,NULL,Barclays Q1-16 interest payment,N,1,NULL,LNI,NULL,NULL,NULL,NULL,NULL,NULL,-1420.0000000000,USD,NULL,NULL,NULL,2019-11-12 21:35:03.337
1365,1365,45,CR,2016-04-01 00:00:00.000,201604,-14817,1,I,747.9500000000,NULL,"Interest at 3.00% (balance up to $100,000.00)",N,1,NULL,INT,NULL,NULL,NULL,NULL,NULL,NULL,747.9500000000,USD,NULL,NULL,NULL,2019-11-12 21:35:03.337
1366,1366,45,CR,2016-04-01 00:00:00.000,201604,-14818,1,I,6846.1400000000,NULL,"Interest at 4.00% (balance in excess of $100,000.00)",N,1,NULL,INT,NULL,NULL,NULL,NULL,NULL,NULL,6846.1400000000,USD,NULL,NULL,NULL,2019-11-12 21:35:03.337
1367,1367,45,CR,2016-04-01 00:00:00.000,201604,-15324,1,P,2515.2000000000,NULL,Transfer Q1-16 interest to voluntary capital,N,1,NULL,TRF,NULL,NULL,NULL,NULL,NULL,NULL,2515.2000000000,USD,NULL,NULL,NULL,2019-11-12 21:35:03.337
1368,1368,45,TRA,2016-04-18 00:00:00.000,201604,-15461,1,P,-180000.0000000000,NULL,Wire transfer to BB T 9881,N,1,NULL,DIS,NULL,NULL,NULL,NULL,NULL,NULL,-180000.0000000000,USD,NULL,NULL,NULL,2019-11-12 21:35:03.337
1369,1369,45,CR,2016-04-29 00:00:00.000,201604,-15503,1,P,12500.0000000000,NULL,April 2016 Draw deposit,N,1,NULL,DD,NULL,NULL,NULL,NULL,NULL,NULL,12500.0000000000,USD,NULL,NULL,NULL,2019-11-12 21:35:03.337
1370,1370,45,TRA,2016-05-26 00:00:00.000,201605,-15571,1,P,-10000.0000000000,NULL,Withdrawal - wire transfer,N,1,NULL,DIS,NULL,NULL,NULL,NULL,NULL,NULL,-10000.0000000000,USD,NULL,NULL,NULL,2019-11-12 21:35:03.337
1371,1371,45,CR,2016-05-31 00:00:00.000,201605,-15596,1,P,12500.0000000000,NULL,May 2016 Draw deposit,N,1,NULL,DD,NULL,NULL,NULL,NULL,NULL,NULL,12500.0000000000,USD,NULL,NULL,NULL,2019-11-12 21:35:03.337
1372,1372,45,TRA,2016-06-15 00:00:00.000,201606,-15675,1,P,-18607.7300000000,NULL,Barclays Q2-2016 principal loan payment,N,1,NULL,LNP,NULL,NULL,NULL,NULL,NULL,NULL,-18607.7300000000,USD,NULL,NULL,NULL,2019-11-12 21:35:03.337
1373,1373,45,TRA,2016-06-15 00:00:00.000,201606,-15684,1,I,-1307.7100000000,NULL,Barclays Q2-16 interest payment,N,1,NULL,LNI,NULL,NULL,NULL,NULL,NULL,NULL,-1307.7100000000,USD,NULL,NULL,NULL,2019-11-12 21:35:03.337
1374,1374,45,TRA,2016-06-29 00:00:00.000,201606,-15704,1,P,-45000.0000000000,NULL,Withdrawal - wire transfer to BB&T,N,1,NULL,DIS,NULL,NULL,NULL,NULL,NULL,NULL,-45000.0000000000,USD,NULL,NULL,NULL,2019-11-12 21:35:03.337
1375,1375,45,CR,2016-06-30 00:00:00.000,201606,-15722,1,P,12500.0000000000,NULL,June 2016 Draw deposit,N,1,NULL,DD,NULL,NULL,NULL,NULL,NULL,NULL,12500.0000000000,USD,NULL,NULL,NULL,2019-11-12 21:35:03.337
1376,1376,45,CR,2016-07-01 00:00:00.000,201607,-15958,1,I,747.9500000000,NULL,"Interest at 3.00% (balance up to $100,000.00)",N,1,NULL,INT,NULL,NULL,NULL,NULL,NULL,NULL,747.9500000000,USD,NULL,NULL,NULL,2019-11-12 21:35:03.337
1377,1377,45,CR,2016-07-01 00:00:00.000,201607,-15959,1,I,5370.7100000000,NULL,"Interest at 4.00% (balance in excess of $100,000.00)",N,1,NULL,INT,NULL,NULL,NULL,NULL,NULL,NULL,5370.7100000000,USD,NULL,NULL,NULL,2019-11-12 21:35:03.337
1378,1378,45,CR,2016-07-01 00:00:00.000,201607,-16432,1,P,2515.2000000000,NULL,Transfer Q2-16 interest to voluntary capital,N,1,NULL,TRF,NULL,NULL,NULL,NULL,NULL,NULL,2515.2000000000,USD,NULL,NULL,NULL,2019-11-12 21:35:03.337
1379,1379,45,CR,2016-07-29 00:00:00.000,201607,-16580,1,P,12500.0000000000,NULL,July 2016 Draw deposit,N,1,NULL,DD,NULL,NULL,NULL,NULL,NULL,NULL,12500.0000000000,USD,NULL,NULL,NULL,2019-11-12 21:35:03.337
1380,1380,45,CR,2016-08-31 00:00:00.000,201608,-16701,1,P,12500.0000000000,NULL,August 2016 Draw deposit,N,1,NULL,DD,NULL,NULL,NULL,NULL,NULL,NULL,12500.0000000000,USD,NULL,NULL,NULL,2019-11-12 21:35:03.337
1381,1381,45,CR,2016-08-31 00:00:00.000,201608,-16731,1,P,70000.0000000000,NULL,BB&T - check #8904,N,1,NULL,DEP,NULL,NULL,NULL,NULL,NULL,NULL,70000.0000000000,USD,NULL,NULL,NULL,2019-11-12 21:35:03.337
1382,1382,45,TRA,2016-09-15 00:00:00.000,201609,-16796,1,P,-18607.7300000000,NULL,Barclays Q3-16 principal loan payment,N,1,NULL,LNP,NULL,NULL,NULL,NULL,NULL,NULL,-18607.7300000000,USD,NULL,NULL,NULL,2019-11-12 21:35:03.337
1383,1383,45,CR,2016-09-30 00:00:00.000,201609,-16850,1,P,12500.0000000000,NULL,September 2016 Draw deposit,N,1,NULL,DD,NULL,NULL,NULL,NULL,NULL,NULL,12500.0000000000,USD,NULL,NULL,NULL,2019-11-12 21:35:03.337
1384,1384,45,CR,2016-09-30 00:00:00.000,201609,-16896,1,P,12500.0000000000,NULL,October 2016 Draw deposit,N,1,NULL,DD,NULL,NULL,NULL,NULL,NULL,NULL,12500.0000000000,USD,NULL,NULL,NULL,2019-11-12 21:35:03.337
1385,1385,45,CR,2016-09-30 00:00:00.000,201609,-16945,1,P,12500.0000000000,NULL,November 2016 Draw deposit,N,1,NULL,DD,NULL,NULL,NULL,NULL,NULL,NULL,12500.0000000000,USD,NULL,NULL,NULL,2019-11-12 21:35:03.337
1386,1386,45,TRA,2016-09-30 00:00:00.000,201609,-17376,1,I,-1176.9400000000,NULL,Barclays Q3-16 interest payment,N,1,NULL,LNI,NULL,NULL,NULL,NULL,NULL,NULL,-1176.9400000000,USD,NULL,NULL,NULL,2019-11-12 21:35:03.337
1387,1387,45,CR,2016-10-01 00:00:00.000,201610,-17589,1,I,756.1600000000,NULL,"Interest at 3.00% (balance up to $100,000.00)",N,1,NULL,INT,NULL,NULL,NULL,NULL,NULL,NULL,756.1600000000,USD,NULL,NULL,NULL,2019-11-12 21:35:03.337
1388,1388,45,CR,2016-10-01 00:00:00.000,201610,-17590,1,I,5093.4200000000,NULL,"Interest at 4.00% (balance in excess of $100,000.00)",N,1,NULL,INT,NULL,NULL,NULL,NULL,NULL,NULL,5093.4200000000,USD,NULL,NULL,NULL,2019-11-12 21:35:03.337
1389,1389,45,CR,2016-10-01 00:00:00.000,201610,-18119,1,P,2544.8700000000,NULL,Transfer Q3-2016 interest to voluntary capital,N,1,NULL,TRF,NULL,NULL,NULL,NULL,NULL,NULL,2544.8700000000,USD,NULL,NULL,NULL,2019-11-12 21:35:03.337
1390,1390,45,CR,2016-12-15 00:00:00.000,201612,-18415,1,P,12500.0000000000,NULL,December 2016 Draw deposit,N,1,NULL,DD,NULL,NULL,NULL,NULL,NULL,NULL,12500.0000000000,USD,NULL,NULL,NULL,2019-11-12 21:35:03.337
1391,1391,45,TRA,2016-12-15 00:00:00.000,201612,-18480,1,P,-18607.7300000000,NULL,Barclays Q4-16 principal loan payment,N,1,NULL,LNP,NULL,NULL,NULL,NULL,NULL,NULL,-18607.7300000000,USD,NULL,NULL,NULL,2019-11-12 21:35:03.337
1392,1392,45,TRA,2016-12-15 00:00:00.000,201612,-18504,1,I,-1034.8000000000,NULL,Edward Koren Q4-16 Barclays Interest Payment,N,1,NULL,LNI,NULL,NULL,NULL,NULL,NULL,NULL,-1034.8000000000,USD,NULL,NULL,NULL,2019-11-12 21:35:03.337
1393,1393,45,CR,2016-12-22 00:00:00.000,201612,-18537,1,P,12500.0000000000,NULL,January 2017 Draw deposit,N,1,NULL,DD,NULL,NULL,NULL,NULL,NULL,NULL,12500.0000000000,USD,NULL,NULL,NULL,2019-11-12 21:35:03.337
1394,1394,45,CR,2016-12-22 00:00:00.000,201612,-18582,1,P,12500.0000000000,NULL,February 2017 Draw deposit,N,1,NULL,DD,NULL,NULL,NULL,NULL,NULL,NULL,12500.0000000000,USD,NULL,NULL,NULL,2019-11-12 21:35:03.337
1395,1395,45,CR,2016-12-22 00:00:00.000,201612,-18635,1,P,12500.0000000000,NULL,March 2017 Draw deposit,N,1,NULL,DD,NULL,NULL,NULL,NULL,NULL,NULL,12500.0000000000,USD,NULL,NULL,NULL,2019-11-12 21:35:03.337
1396,1396,45,TRA,2016-12-29 00:00:00.000,201612,-18734,1,P,-200000.0000000000,NULL,Wire transfer to BB&T account,N,1,NULL,DIS,NULL,NULL,NULL,NULL,NULL,NULL,-200000.0000000000,USD,NULL,NULL,NULL,2019-11-12 21:35:03.337
1397,1397,45,CR,2017-01-01 00:00:00.000,201701,-19258,1,I,756.1600000000,NULL,"Interest at 3.00% (balance up to $100,000.00)",N,1,NULL,INT,NULL,NULL,NULL,NULL,NULL,NULL,756.1600000000,USD,NULL,NULL,NULL,2019-11-12 21:35:03.337
1398,1398,45,CR,2017-01-01 00:00:00.000,201701,-19259,1,I,5937.2100000000,NULL,"Interest at 4.00% (balance in excess of $100,000.00)",N,1,NULL,INT,NULL,NULL,NULL,NULL,NULL,NULL,5937.2100000000,USD,NULL,NULL,NULL,2019-11-12 21:35:03.337
1399,1399,45,CR,2017-01-01 00:00:00.000,201701,-19799,1,P,2731.4700000000,NULL,Transfer Q4-2016 Interest to Voluntary Capital,N,1,NULL,TRF,NULL,NULL,NULL,NULL,NULL,NULL,2731.4700000000,USD,NULL,NULL,NULL,2019-11-12 21:35:03.337
1400,1400,45,TRA,2017-01-05 00:00:00.000,201701,-19071,1,P,-3177.1600000000,NULL,Fund remaining balance due for 2016 required capital contribution,N,1,NULL,TRF,NULL,NULL,NULL,NULL,NULL,NULL,-3177.1600000000,USD,NULL,NULL,NULL,2019-11-12 21:35:03.337
1401,1401,45,TRA,2017-03-15 00:00:00.000,201703,-20266,1,P,-18607.7300000000,NULL,Barclays Q1-17 principal loan payment,N,1,NULL,LNP,NULL,NULL,NULL,NULL,NULL,NULL,-18607.7300000000,USD,NULL,NULL,NULL,2019-11-12 21:35:03.337
1402,1402,45,TRA,2017-03-15 00:00:00.000,201703,-20398,1,I,-976.9100000000,NULL,Q1-17 Barclays interest payment,N,1,NULL,LNI,NULL,NULL,NULL,NULL,NULL,NULL,-976.9100000000,USD,NULL,NULL,NULL,2019-11-12 21:35:03.337
1403,1403,45,CR,2017-04-01 00:00:00.000,201704,-20417,1,I,739.7300000000,NULL,"Interest at 3.00% (balance up to $100,000.00)",N,1,NULL,INT,NULL,NULL,NULL,NULL,NULL,NULL,739.7300000000,USD,NULL,NULL,NULL,2019-11-12 21:35:03.337
1404,1404,45,CR,2017-04-01 00:00:00.000,201704,-20418,1,I,4198.6200000000,NULL,"Interest at 4.00% (balance in excess of $100,000.00)",N,1,NULL,INT,NULL,NULL,NULL,NULL,NULL,NULL,4198.6200000000,USD,NULL,NULL,NULL,2019-11-12 21:35:03.337
1405,1405,45,CR,2017-04-01 00:00:00.000,201704,-21198,1,P,3118.7100000000,NULL,Transfer Q1-2017 interest to voluntary capital,N,1,NULL,TRF,NULL,NULL,NULL,NULL,NULL,NULL,3118.7100000000,USD,NULL,NULL,NULL,2019-11-12 21:35:03.337
1406,1406,45,TRA,2017-04-13 00:00:00.000,201704,-21264,1,P,-45000.0000000000,NULL,Withdrawal - wire transfer to BB&T,N,1,NULL,DIS,NULL,NULL,NULL,NULL,NULL,NULL,-45000.0000000000,USD,NULL,NULL,NULL,2019-11-12 21:35:03.337
1407,1407,45,CR,2017-04-28 00:00:00.000,201704,-21317,1,P,12500.0000000000,NULL,April 2017 Draw Deposit,N,1,NULL,DD,NULL,NULL,NULL,NULL,NULL,NULL,12500.0000000000,USD,NULL,NULL,NULL,2019-11-12 21:35:03.337
1408,1408,45,CR,2017-04-30 00:00:00.000,201704,-27497,1,P,12500.0000000000,NULL,April 2018 Draw Deposit,N,1,NULL,DD,NULL,NULL,NULL,NULL,NULL,NULL,12500.0000000000,USD,NULL,NULL,NULL,2019-11-12 21:35:03.337
1409,1409,45,CR,2017-04-30 00:00:00.000,201704,-27558,1,P,-12500.0000000000,NULL,Posted wrong date - should be 04/30/18,N,1,NULL,DD,NULL,NULL,NULL,NULL,NULL,NULL,-12500.0000000000,USD,NULL,NULL,NULL,2019-11-12 21:35:03.337
1410,1410,45,CR,2017-05-31 00:00:00.000,201705,-21435,1,P,12500.0000000000,NULL,May 2017 Draw Deposit,N,1,NULL,DD,NULL,NULL,NULL,NULL,NULL,NULL,12500.0000000000,USD,NULL,NULL,NULL,2019-11-12 21:35:03.337
1411,1411,45,TRA,2017-06-15 00:00:00.000,201706,-21550,1,P,-18607.7300000000,NULL,Barclays Q2-17 principal loan payment,N,1,NULL,LNP,NULL,NULL,NULL,NULL,NULL,NULL,-18607.7300000000,USD,NULL,NULL,NULL,2019-11-12 21:35:03.337
1412,1412,45,TRA,2017-06-15 00:00:00.000,201706,-21689,1,I,-926.5000000000,NULL,Q2-17 Barclays Interest Payment,N,1,NULL,LNI,NULL,NULL,NULL,NULL,NULL,NULL,-926.5000000000,USD,NULL,NULL,NULL,2019-11-12 21:35:03.337
1413,1413,45,CR,2017-06-30 00:00:00.000,201706,-21587,1,P,12500.0000000000,NULL,June 2017 Draw Deposit,N,1,NULL,DD,NULL,NULL,NULL,NULL,NULL,NULL,12500.0000000000,USD,NULL,NULL,NULL,2019-11-12 21:35:03.337
1414,1414,45,CR,2017-07-01 00:00:00.000,201707,-21864,1,I,747.9500000000,NULL,"Interest at 3.00% (balance up to $100,000.00)",N,1,NULL,INT,NULL,NULL,NULL,NULL,NULL,NULL,747.9500000000,USD,NULL,NULL,NULL,2019-11-12 21:35:03.337
1415,1415,45,CR,2017-07-01 00:00:00.000,201707,-21865,1,I,3873.4600000000,NULL,"Interest at 4.00% (balance in excess of $100,000.00)",N,1,NULL,INT,NULL,NULL,NULL,NULL,NULL,NULL,3873.4600000000,USD,NULL,NULL,NULL,2019-11-12 21:35:03.337
1416,1416,45,CR,2017-07-01 00:00:00.000,201707,-22421,1,P,3155.0300000000,NULL,Transfer Q2-2017 Interest to Voluntary Capital,N,1,NULL,TRF,NULL,NULL,NULL,NULL,NULL,NULL,3155.0300000000,USD,NULL,NULL,NULL,2019-11-12 21:35:03.337
1417,1417,45,CR,2017-07-31 00:00:00.000,201707,-22673,1,P,12500.0000000000,NULL,July 2017 Draw Deposit,N,1,NULL,DD,NULL,NULL,NULL,NULL,NULL,NULL,12500.0000000000,USD,NULL,NULL,NULL,2019-11-12 21:35:03.337
1418,1418,45,CR,2017-08-31 00:00:00.000,201708,-23149,1,P,12500.0000000000,NULL,August 2017 Draw Deposit,N,1,NULL,DD,NULL,NULL,NULL,NULL,NULL,NULL,12500.0000000000,USD,NULL,NULL,NULL,2019-11-12 21:35:03.337
1419,1419,45,TRA,2017-09-15 00:00:00.000,201709,-23257,1,P,-18607.7300000000,NULL,Barclays Q3-2017 principal loan payment,N,1,NULL,LNP,NULL,NULL,NULL,NULL,NULL,NULL,-18607.7300000000,USD,NULL,NULL,NULL,2019-11-12 21:35:03.337
1420,1420,45,TRA,2017-09-15 00:00:00.000,201709,-23273,1,I,-757.2800000000,NULL,Q3-17 Barclays Interest Payment,N,1,NULL,LNI,NULL,NULL,NULL,NULL,NULL,NULL,-757.2800000000,USD,NULL,NULL,NULL,2019-11-12 21:35:03.337
1421,1421,45,CR,2017-09-29 00:00:00.000,201709,-23389,1,P,12500.0000000000,NULL,September 2017 Draw Deposit,N,1,NULL,DD,NULL,NULL,NULL,NULL,NULL,NULL,12500.0000000000,USD,NULL,NULL,NULL,2019-11-12 21:35:03.337
1422,1422,45,CR,2017-09-29 00:00:00.000,201709,-23432,1,P,12500.0000000000,NULL,October 2017 Draw Deposit,N,1,NULL,DD,NULL,NULL,NULL,NULL,NULL,NULL,12500.0000000000,USD,NULL,NULL,NULL,2019-11-12 21:35:03.337
1423,1423,45,CR,2017-09-29 00:00:00.000,201709,-23490,1,P,12500.0000000000,NULL,November 2017 Draw Deposit,N,1,NULL,DD,NULL,NULL,NULL,NULL,NULL,NULL,12500.0000000000,USD,NULL,NULL,NULL,2019-11-12 21:35:03.337
1424,1424,45,TRA,2017-09-29 00:00:00.000,201709,-23549,1,P,-16750.0000000000,NULL,09/29/17 Barclays principal loan payment (capital refund),N,1,NULL,LNP,NULL,NULL,NULL,NULL,NULL,NULL,-16750.0000000000,USD,NULL,NULL,NULL,2019-11-12 21:35:03.337
1425,1425,45,TRA,2017-09-29 00:00:00.000,201709,-23557,1,P,16750.0000000000,NULL,09/29/17 Barclays principal loan payment (capital refund),N,1,NULL,LNP,NULL,NULL,NULL,NULL,NULL,NULL,16750.0000000000,USD,NULL,NULL,NULL,2019-11-12 21:35:03.337
1426,1426,45,CR,2017-10-01 00:00:00.000,201710,-24049,1,I,756.1600000000,NULL,"Interest at 3.00% (balance up to $100,000.00)",N,1,NULL,INT,NULL,NULL,NULL,NULL,NULL,NULL,756.1600000000,USD,NULL,NULL,NULL,2019-11-12 21:35:03.337
1427,1427,45,CR,2017-10-01 00:00:00.000,201710,-24050,1,I,4119.0700000000,NULL,"Interest at 4.00% (balance in excess of $100,000.00)",N,1,NULL,INT,NULL,NULL,NULL,NULL,NULL,NULL,4119.0700000000,USD,NULL,NULL,NULL,2019-11-12 21:35:03.337
1428,1428,45,CR,2017-10-01 00:00:00.000,201710,-24592,1,P,3050.1900000000,NULL,Transfer Q3-2017 interest to voluntary capital,N,1,NULL,TRF,NULL,NULL,NULL,NULL,NULL,NULL,3050.1900000000,USD,NULL,NULL,NULL,2019-11-12 21:35:03.337
1429,1429,45,CR,2017-12-15 00:00:00.000,201712,-24896,1,P,12500.0000000000,NULL,December 2017 Draw Deposit,N,1,NULL,DD,NULL,NULL,NULL,NULL,NULL,NULL,12500.0000000000,USD,NULL,NULL,NULL,2019-11-12 21:35:03.337
1430,1430,45,TRA,2017-12-15 00:00:00.000,201712,-25010,1,P,-18607.7300000000,NULL,Barclays Q4-17 principal loan payment,N,1,NULL,LNP,NULL,NULL,NULL,NULL,NULL,NULL,-18607.7300000000,USD,NULL,NULL,NULL,2019-11-12 21:35:03.337
1431,1431,45,TRA,2017-12-15 00:00:00.000,201712,-25042,1,I,-384.9200000000,NULL,Q4-17 Barclays Interest Payment,N,1,NULL,LNI,NULL,NULL,NULL,NULL,NULL,NULL,-384.9200000000,USD,NULL,NULL,NULL,2019-11-12 21:35:03.337
1432,1432,45,CR,2017-12-22 00:00:00.000,201712,-25059,1,P,12500.0000000000,NULL,January 2018 Draw Deposit,N,1,NULL,DD,NULL,NULL,NULL,NULL,NULL,NULL,12500.0000000000,USD,NULL,NULL,NULL,2019-11-12 21:35:03.337
1433,1433,45,CR,2017-12-22 00:00:00.000,201712,-25102,1,P,12500.0000000000,NULL,February 2018 Draw Deposit,N,1,NULL,DD,NULL,NULL,NULL,NULL,NULL,NULL,12500.0000000000,USD,NULL,NULL,NULL,2019-11-12 21:35:03.337
1434,1434,45,CR,2017-12-22 00:00:00.000,201712,-25146,1,P,12500.0000000000,NULL,March 2018 Draw Deposit,N,1,NULL,DD,NULL,NULL,NULL,NULL,NULL,NULL,12500.0000000000,USD,NULL,NULL,NULL,2019-11-12 21:35:03.337
1435,1435,45,CR,2018-01-01 00:00:00.000,201801,-25490,1,I,756.1600000000,NULL,"Interest at 3.00% (balance up to $100,000.00)",N,1,NULL,INT,NULL,NULL,NULL,NULL,NULL,NULL,756.1600000000,USD,NULL,NULL,NULL,2019-11-12 21:35:03.337
1436,1436,45,CR,2018-01-01 00:00:00.000,201801,-25491,1,I,4561.2100000000,NULL,"Interest at 4.00% (balance in excess of $100,000.00)",N,1,NULL,INT,NULL,NULL,NULL,NULL,NULL,NULL,4561.2100000000,USD,NULL,NULL,NULL,2019-11-12 21:35:03.337
1437,1437,45,CR,2018-01-01 00:00:00.000,201801,-26079,1,P,2788.6200000000,NULL,Transfer Q4-2017 interest to voluntary capital,N,1,NULL,TRF,NULL,NULL,NULL,NULL,NULL,NULL,2788.6200000000,USD,NULL,NULL,NULL,2019-11-12 21:35:03.337
1438,1438,45,TRA,2018-02-28 00:00:00.000,201802,-26359,1,P,-265000.0000000000,NULL,Withdrawal - wire transfer,N,1,NULL,DIS,NULL,NULL,NULL,NULL,NULL,NULL,-265000.0000000000,USD,NULL,NULL,NULL,2019-11-12 21:35:03.337
1439,1439,45,TRA,2018-03-15 00:00:00.000,201803,-26438,1,P,-18607.7300000000,NULL,Barclays Q1-18 principal loan payment,N,1,NULL,LNP,NULL,NULL,NULL,NULL,NULL,NULL,-18607.7300000000,USD,NULL,NULL,NULL,2019-11-12 21:35:03.337
1440,1440,45,TRA,2018-03-15 00:00:00.000,201803,-26478,1,I,-209.2800000000,NULL,Q1-2018 Barclays interest payment,N,1,NULL,LNI,NULL,NULL,NULL,NULL,NULL,NULL,-209.2800000000,USD,NULL,NULL,NULL,2019-11-12 21:35:03.337
1441,1441,45,CR,2018-04-01 00:00:00.000,201804,-26767,1,I,739.7300000000,NULL,"Interest at 3.00% (balance up to $100,000.00)",N,1,NULL,INT,NULL,NULL,NULL,NULL,NULL,NULL,739.7300000000,USD,NULL,NULL,NULL,2019-11-12 21:35:03.337
1442,1442,45,CR,2018-04-01 00:00:00.000,201804,-26768,1,I,3855.0900000000,NULL,"Interest at 4.00% (balance in excess of $100,000.00)",N,1,NULL,INT,NULL,NULL,NULL,NULL,NULL,NULL,3855.0900000000,USD,NULL,NULL,NULL,2019-11-12 21:35:03.337
1443,1443,45,CR,2018-04-01 00:00:00.000,201804,-27220,1,P,2728.0000000000,NULL,Transfer Q1-2018 interest to voluntary capital,N,1,NULL,TRF,NULL,NULL,NULL,NULL,NULL,NULL,2728.0000000000,USD,NULL,NULL,NULL,2019-11-12 21:35:03.337
1444,1444,45,TRA,2018-04-16 00:00:00.000,201804,-27479,1,P,-160000.0000000000,NULL,Withdrawal - wire transfer to BBT Bank,N,1,NULL,DIS,NULL,NULL,NULL,NULL,NULL,NULL,-160000.0000000000,USD,NULL,NULL,NULL,2019-11-12 21:35:03.337
1445,1445,45,CR,2018-04-30 00:00:00.000,201804,-27588,1,P,12500.0000000000,NULL,April 2018 Draw Deposit,N,1,NULL,DD,NULL,NULL,NULL,NULL,NULL,NULL,12500.0000000000,USD,NULL,NULL,NULL,2019-11-12 21:35:03.337
1446,1446,45,CR,2018-05-31 00:00:00.000,201609,0,1,P,12500.0000000000,NULL,May 2018 Draw Deposit,N,1,NULL,DEP,NULL,NULL,NULL,NULL,NULL,NULL,12500.0000000000,USD,NULL,NULL,NULL,2019-11-12 21:35:03.337
1447,1447,45,CH,2018-06-15 00:00:00.000,201806,0,-1,P,3715.4600000000,NULL,Barclays Q2-18 principal loan payment,N,1,NULL,LNP,NULL,NULL,NULL,NULL,NULL,NULL,3715.4600000000,USD,NULL,NULL,NULL,2019-11-12 21:35:03.337
1448,1448,45,CH,2018-06-15 00:00:00.000,201806,0,-1,P,37.8300000000,NULL,Barclays Q2-18 interest payment,N,1,NULL,LNI,NULL,NULL,NULL,NULL,NULL,NULL,37.8300000000,USD,NULL,NULL,NULL,2019-11-12 21:35:03.337
1449,1449,45,CR,2018-06-29 00:00:00.000,201806,0,1,P,12500.0000000000,NULL,June 2018 Draw Deposit,N,1,NULL,DD,NULL,NULL,NULL,NULL,NULL,NULL,12500.0000000000,USD,NULL,NULL,NULL,2019-11-12 21:35:03.337
1450,1450,45,CR,2018-07-01 00:00:00.000,201807,0,1,I,1654.5400000000,NULL,Q2-2018 Interest earned,N,1,NULL,INT,NULL,NULL,NULL,NULL,NULL,NULL,1654.5400000000,USD,NULL,NULL,NULL,2019-11-12 21:35:03.337
1451,1451,45,TRT,2018-07-01 00:00:00.000,201807,0,1,P,2758.3100000000,NULL,Transfer Q2-2018 Interest Earned to Voluntary Capital,N,1,NULL,TRF,NULL,NULL,NULL,NULL,NULL,NULL,2758.3100000000,USD,NULL,NULL,NULL,2019-11-12 21:35:03.337
1452,1452,45,CR,2018-07-25 00:00:00.000,201807,0,1,P,23729.1700000000,NULL,2018 Required Capital refund to Voluntary Capital,N,1,NULL,TRF,NULL,NULL,NULL,NULL,NULL,NULL,23729.1700000000,USD,NULL,NULL,NULL,2019-11-12 21:35:03.337
1453,1453,45,CR,2018-07-31 00:00:00.000,201807,0,1,P,12500.0000000000,NULL,July 2018 Draw Deposit,N,1,NULL,DD,NULL,NULL,NULL,NULL,NULL,NULL,12500.0000000000,USD,NULL,NULL,NULL,2019-11-12 21:35:03.337
1454,1454,45,CR,2018-08-27 00:00:00.000,201808,0,1,P,80000.0000000000,NULL,Suntrust Bank - check #1426,N,1,NULL,DEP,NULL,NULL,NULL,NULL,NULL,NULL,80000.0000000000,USD,NULL,NULL,NULL,2019-11-12 21:35:03.337
1455,1455,45,CR,2018-08-31 00:00:00.000,201808,0,1,P,12500.0000000000,NULL,August 2018 Draw Deposit,N,1,NULL,DD,NULL,NULL,NULL,NULL,NULL,NULL,12500.0000000000,USD,NULL,NULL,NULL,2019-11-12 21:35:03.337
1456,1456,45,CR,2018-09-25 00:00:00.000,201809,0,1,P,23729.1700000000,NULL,2018 Required Capital refund to Voluntary Capital,N,1,NULL,TRF,NULL,NULL,NULL,NULL,NULL,NULL,23729.1700000000,USD,NULL,NULL,NULL,2019-11-12 21:35:03.337
1457,1457,45,CR,2018-09-28 00:00:00.000,201809,0,1,P,12500.0000000000,NULL,September 2018 Deposit Draw,N,1,NULL,DD,NULL,NULL,NULL,NULL,NULL,NULL,12500.0000000000,USD,NULL,NULL,NULL,2019-11-12 21:35:03.337
1458,1458,45,CR,2018-09-28 00:00:00.000,201809,0,1,P,12500.0000000000,NULL,October 2018 Deposit Draw,N,1,NULL,DD,NULL,NULL,NULL,NULL,NULL,NULL,12500.0000000000,USD,NULL,NULL,NULL,2019-11-12 21:35:03.337
1459,1459,45,CR,2018-09-28 00:00:00.000,201809,0,1,P,12500.0000000000,NULL,November 2018 Draw Deposit,N,1,NULL,DD,NULL,NULL,NULL,NULL,NULL,NULL,12500.0000000000,USD,NULL,NULL,NULL,2019-11-12 21:35:03.337
1460,1460,45,CR,2018-09-28 00:00:00.000,201809,0,1,P,75650.0000000000,NULL,September 2018 Supplemental Distribution Deposit,N,1,NULL,DD,NULL,NULL,NULL,NULL,NULL,NULL,75650.0000000000,USD,NULL,NULL,NULL,2019-11-12 21:35:03.337
1461,1461,45,CR,2018-10-01 00:00:00.000,201810,0,1,I,2330.5200000000,NULL,Q3-2018 Interest Earned,N,1,NULL,INT,NULL,NULL,NULL,NULL,NULL,NULL,2330.5200000000,USD,NULL,NULL,NULL,2019-11-12 21:35:03.337
1462,1462,45,TRT,2018-10-01 00:00:00.000,201810,0,1,P,2560.1000000000,NULL,Transfer Q3-2018 Interest Earned to Voluntary Capital,N,1,NULL,TRF,NULL,NULL,NULL,NULL,NULL,NULL,2560.1000000000,USD,NULL,NULL,NULL,2019-11-12 21:35:03.337
1463,1463,45,CH,2018-11-30 00:00:00.000,201811,0,-1,P,20000.0000000000,NULL,Withdrawal,N,1,NULL,DIS,NULL,NULL,NULL,NULL,NULL,NULL,20000.0000000000,USD,NULL,NULL,NULL,2019-11-12 21:35:03.337
1464,1464,45,CR,2018-12-14 00:00:00.000,201812,0,1,P,12500.0000000000,NULL,December 2018 Draw Deposit,N,1,NULL,DD,NULL,NULL,NULL,NULL,NULL,NULL,12500.0000000000,USD,NULL,NULL,NULL,2019-11-12 21:35:03.337
1465,1465,45,CR,2018-12-21 00:00:00.000,201812,0,1,P,12500.0000000000,NULL,January 2019 Draw Deposit,N,1,NULL,DD,NULL,NULL,NULL,NULL,NULL,NULL,12500.0000000000,USD,NULL,NULL,NULL,2019-11-12 21:35:03.337
1466,1466,45,CR,2018-12-21 00:00:00.000,201812,0,1,P,12500.0000000000,NULL,February 2019 Draw Deposit,N,1,NULL,DD,NULL,NULL,NULL,NULL,NULL,NULL,12500.0000000000,USD,NULL,NULL,NULL,2019-11-12 21:35:03.337
1467,1467,45,CR,2018-12-21 00:00:00.000,201812,0,1,P,12500.0000000000,NULL,March 2019 Draw Deposit,N,1,NULL,DD,NULL,NULL,NULL,NULL,NULL,NULL,12500.0000000000,USD,NULL,NULL,NULL,2019-11-12 21:35:03.337
1468,1468,45,CH,2018-12-27 00:00:00.000,201812,0,-1,P,75000.0000000000,NULL,Withdrawal,N,1,NULL,DIS,NULL,NULL,NULL,NULL,NULL,NULL,75000.0000000000,USD,NULL,NULL,NULL,2019-11-12 21:35:03.337
1469,1469,45,CR,2018-12-31 00:00:00.000,201812,0,1,P,60520.0000000000,NULL,December 2018 Supplemental Distribution Deposit,N,1,NULL,DD,NULL,NULL,NULL,NULL,NULL,NULL,60520.0000000000,USD,NULL,NULL,NULL,2019-11-12 21:35:03.337
1470,1470,45,CR,2019-01-01 00:00:00.000,201901,0,1,I,4359.1200000000,NULL," Q4-2018 Interest Earned",N,1,NULL,INT,NULL,NULL,NULL,NULL,NULL,NULL,4359.1200000000,USD,NULL,NULL,NULL,2019-11-12 21:35:03.337
1471,1471,45,TRT,2019-01-01 00:00:00.000,201901,0,1,P,2220.4200000000,NULL,Transfer Q4-2018 Interest Earned to Voluntary Capital,N,1,NULL,TRF,NULL,NULL,NULL,NULL,NULL,NULL,2220.4200000000,USD,NULL,NULL,NULL,2019-11-12 21:35:03.337
